Pi|
Tom Crean (explorer)|
Honoré de Balzac|
Arthur Mold|
Battle of the Nile|
Ōkami|
Amanita bisporigera|
Stanley Holloway|
Indian Head cent|
Roderic Dallas|
Robert Garran|
Cougar|
Calutron|
Cardinal-nephew|
2008 Brazilian Grand Prix|
Zelda Fitzgerald|
Aldwych tube station|
Henry Hoʻolulu Pitman|
Lethbridge|
Spalding War Memorial|
Horseshoe Curve (Pennsylvania)|
Two-cent piece (United States)|
Joe Warbrick|
Lion|
Apollo 13|
Nefarious: Merchant of Souls|
Boeing 777|
Cycling at the 2008 Summer Olympics – Men's individual road race|
William O'Connell Bradley|
Killdeer|
1958 US–UK Mutual Defence Agreement|
John J. Crittenden|
August Meyszner|
Starfish|
Edward VI of England|
Startling Stories|
Project Rover|
1880 Democratic National Convention|
Prince Louis of Battenberg|
James B. Conant|
Brill Tramway|
Bath, Somerset|
The Turn of the Screw|
Dürer's Rhinoceros|
California Gold Rush|
Banksia telmatiaea|
History of the National Hockey League (1967–1992)|
Hurricane Iniki|
Sunderland A.F.C.|
Cooperative pulling paradigm|
O-Bahn Busway|
Holkham National Nature Reserve|
Tanque Argentino Mediano|
Rodrigues solitaire|
Mary Shelley|
English National Opera|
History of Gillingham F.C.|
Deinosuchus|
Hubert Walter|
Iguanodon|
Horatio Bottomley|
Wii|
Burning of Parliament|
Water fluoridation|
2019 World Snooker Championship|
South Lake Union Streetcar|
Ancient Egypt|
Rosetta Stone|
Paul McCartney|
Sex Pistols|
Lindow Man|
Bill O'Reilly (cricketer)|
Aberfan disaster|
Vladimir Lenin|
Line 1 (Sound Transit)|
Thylacine|
Cherry Springs State Park|
Operation Perch|
Franklin Pierce|
P. G. Wodehouse|
The Station (New Paltz restaurant)|
Geology of the Grand Canyon area|
Conservation of slow lorises|
We Are the World|
Queen Elizabeth Way|
The Philadelphia Inquirer|
Amphibian|
SMS Von der Tann|
Ivan Alexander of Bulgaria|
Anne Frank|
Wolf|
Sunderland Echo|
Synthetic diamond|
Coldrum Long Barrow|
Hoover Dam|
Rashtrakuta dynasty|
Meinhard Michael Moser|
Cleopatra Selene of Syria|
Royal Gold Cup|
Colley Cibber|
The Four Stages of Cruelty|
Rokeby Venus|
RAF Uxbridge|
Chelsea Bridge|
Girl Pat|
Early Netherlandish painting|
Bessie Braddock|
Courtney Love|
Cley Marshes|
Metacomet Ridge|
Bull Run River (Oregon)|
Charles Stewart (premier)|
Angkor Wat|
Ernest Joyce|
Erie, Pennsylvania|
Macaroni penguin|
Brad Pitt|
Capon Chapel|
Gilbert du Motier, Marquis de Lafayette|
David A. Johnston|
San Francisco–Oakland Bay Bridge half dollar|
Ramblin' Wreck|
Bombing of Tokyo (10 March 1945)|
Middle Ages|
Jesus College Boat Club (Oxford)|
Cane toad|
Typhoon Sudal|
Eye (cyclone)|
Anthony Roll|
George VI|
Riverina|
Gwen Stefani|
Mary of Teck|
Disneyland Railroad|
Cogan House Covered Bridge|
Battle of Savo Island|
Meteorological history of Hurricane Katrina|
Yellowstone fires of 1988|
Nevado del Ruiz|
Brabham BT19|
Steve Bruce|
Styracosaurus|
SR Merchant Navy class|
John Lloyd Waddy|
Hastings Ismay, 1st Baron Ismay|
Steller's sea cow|
Roger B. Chaffee|
Battle of the Santa Cruz Islands|
OK Computer|
Mutiny on the Bounty|
New Zealand national rugby union team|
Walt Disney|
England national rugby union team|
William Burges|
Elizabeth I|
Yasser Arafat|
Aggie Bonfire|
Andrée's Arctic balloon expedition|
Pyotr Ilyich Tchaikovsky and the Belyayev circle|
Decipherment of ancient Egyptian scripts|
Shoe polish|
Military history of Puerto Rico|
Mark Hanna|
Olivier Messiaen|
Sir Gawain and the Green Knight|
SMS Goeben|
Kingdom of Mysore|
Helium|
Elagabalus|
Quiriguá|
Virginia Eliza Clemm Poe|
Periodic table|
Sherman Minton|
Mariah Carey|
Definition of planet|
Buildings and architecture of Bristol|
George Harrison|
Norman Selfe|
Harry Murray|
Parthian Empire|
History of Solidarity|
Freida Pinto|
Armero tragedy|
Rosewood massacre|
Volcanology of Io|
Western jackdaw|
Byzantine Empire|
Siege of Constantinople (717–718)|
Act of Independence of Lithuania|
Harvey Milk|
M-6 (Michigan highway)|
Ezra Meeker|
Sandy Koufax|
Arnold Bax|
Pedro I of Brazil|
Cape sparrow|
Project E|
Mercury (planet)|
Sun|
1966 New York City smog|
Nashville Sounds|
Jessica Chastain|
Red-billed chough|
Alfred Russel Wallace|
Antonin Scalia|
Cutthroat trout|
Andean condor|
Rhyolite, Nevada|
Luke P. Blackburn|
Satyajit Ray|
Ichthyovenator|
Sesame Street|
Joan of Arc|
6th Massachusetts Militia Regiment|
HMS Cardiff (D108)|
HMS Agincourt (1913)|
St. Johns River|
Red rail|
British hydrogen bomb programme|
Washington, D.C.|
FC Porto in international football competitions|
Myles Standish|
Francis Willughby|
Australian raven|
Neil Armstrong|
Conte di Cavour-class battleship|
Kitsune|
RSPB Minsmere|
Amy Adams|
Common firecrest|
Galápagos tortoise|
Hurricane Elena|
William Tecumseh Sherman|
Kwinana Freeway|
Capon Lake Whipple Truss Bridge|
Statue of Liberty|
Teresa Cristina of the Two Sicilies|
Silverplate|
Courageous-class aircraft carrier|
Belarus|
New York State Route 28|
Guy Fawkes|
Misterioso (Thelonious Monk album)|
Sea|
John Michael Wright|
Harriet Arbuthnot|
Royal Blue (B&O train)|
Texas Tech University|
Rise of Neville Chamberlain|
Catherine Zeta-Jones|
Resurrectionists in the United Kingdom|
William Robinson Brown|
History of Tottenham Hotspur F.C.|
Development of Grand Theft Auto V|
Natchez revolt|
Rinaldo (opera)|
Operation Ke|
Mistle thrush|
Noel Park|
Edward II of England|
Oort cloud|
Operation Goodwood (naval)|
Justus|
Olivia Manning|
Boulonnais horse|
Geography and ecology of the Everglades|
Menstrual cycle|
Knowle West|
Hubble Deep Field|
Ecclesiastical heraldry|
Mutual Broadcasting System|
JC's Girls|
Natalie Clifford Barney|
Roxy Ann Peak|
IFK Göteborg|
Kenesaw Mountain Landis|
Nikolai Rimsky-Korsakov|
July 2009 Ürümqi riots|
Millard Fillmore|
509th Composite Group|
Triton (moon)|
Zhang Heng|
Canada|
Gorgosaurus|
Electron|
Metallica|
Belton House|
Geastrum triplex|
Climate of India|
Louise Bryant|
SummerSlam (2003)|
Palazzo Pitti|
Isopogon anemonifolius|
Lavanify|
Brazilian battleship Minas Geraes|
Jacob van Ruisdael|
T206 Honus Wagner|
Rodrigues rail|
Bob Feller|
Peter Heywood|
Witches' Sabbath (The Great He-Goat)|
Chew Valley Lake|
Kennedy half dollar|
Asteroid belt|
Paul Kagame|
The Oceanides|
Japanese aircraft carrier Akagi|
John Sherman|
Crocodilia|
John Knox|
American Airlines Flight 77|
Stegosaurus|
Oakwood Cemetery (Troy, New York)|
Jerry Voorhis|
Germany|
Cleveland Bay|
Venus|
Archimedes|
Surtsey|
Hobey Baker|
Siege of Sidney Street|
Sino-Roman relations|
Geology of the Zion and Kolob canyons area|
William Jennings Bryan 1896 presidential campaign|
Daniel Sedin|
Congregation Baith Israel Anshei Emes|
Kragujevac massacre|
Maya stelae|
Battle for Henderson Field|
2006 Pacific hurricane season|
Vijayanagara Empire|
Charing Cross, Euston and Hampstead Railway|
HMS Eagle (1918)|
The Livestock Conservancy|
Diamond|
Trial by Jury|
Bob Marshall (wilderness activist)|
Ariel (moon)|
Horses in World War I|
Velociraptor|
Star Trek VI: The Undiscovered Country|
Jack Parsons (rocket engineer)|
Empire of Brazil|
Canada jay|
Yarralumla, Australian Capital Territory|
Tube Alloys|
The Raft of the Medusa|
Helmut Lent|
Great Eastern Highway|
Henry I of England|
Choe Bu|
Cuban macaw|
Edward VIII|
Elizabeth Canning|
Edgar Allan Poe|
Ralph Richardson|
Zong massacre|
Arch of Remembrance|
George Tucker (politician)|
Seattle Sounders FC|
Scarlett Johansson|
Parachute Jump|
Ukiyo-e|
Clemuel Ricketts Mansion|
Thunder (mascot)|
Oklahoma City bombing|
Giant eland|
William the Conqueror|
Tyrannosaurus|
Alice in Chains|
Ancient Egyptian literature|
Pancreatic cancer|
Death of Ian Tomlinson|
SMS Dresden (1907)|
Hrithik Roshan|
D. Djajakusuma|
William III of England|
Great Fire of London|
Science and technology of the Song dynasty|
The Lucy poems|
Head VI|
Manchester United F.C.|
Nelson's Pillar|
7th Army (Kingdom of Yugoslavia)|
Renewable energy in Scotland|
Operation Charnwood|
Taiwanese indigenous peoples|
Shunzhi Emperor|
Prince Albert Victor, Duke of Clarence and Avondale|
Witold Lutosławski|
Jesse L. Brown|
INS Vikrant (R11)|
Exhumation and reburial of Richard III of England|
Lady Gaga|
Pedro II of Brazil|
Mozart in Italy|
Koala|
Osiris myth|
1999 FIFA Women's World Cup|
Persoonia linearis|
Georg Forster|
Carl Nielsen|
Ceilings of the Natural History Museum, London|
Ming dynasty|
Apororhynchus|
Rampart Dam|
1975 Australian constitutional crisis|
2008 Hungarian Grand Prix|
Second Crusade|
Lycoperdon perlatum|
Raid at Cabanatuan|
Carolina Panthers|
Rufus Does Judy at Carnegie Hall|
Prince's Palace of Monaco|
Flag of Japan|
Wood Siding railway station|
Robin Friday|
Aston Villa F.C.|
First Horizon Park|
El Hatillo Municipality|
Alfred Worden|
Peter Jennings|
Planets beyond Neptune|
Florida Atlantic University|
Valston Hancock|
Short-beaked echidna|
Tim Duncan|
2012–13 Michigan Wolverines men's basketball team|
WAVES|
Kim Clijsters|
German battleship Bismarck|
Ring-tailed lemur|
Chew Stoke|
Javan rhinoceros|
Gloucestershire Regiment|
Byzantine civil war of 1341–1347|
Horse-fly|
Toronto Raptors|
Red Skelton|
Ferugliotherium|
1954 Guatemalan coup d'état|
Fremantle Prison|
Ice hockey at the Olympic Games|
Germany women's national football team|
90377 Sedna|
John Balmer|
Kinetoscope|
1950 Atlantic hurricane season|
British contribution to the Manhattan Project|
Tanks in the Spanish Army|
Bix Beiderbecke|
Louis Riel (comics)|
Marchioness disaster|
1804 dollar|
Reg Saunders|
Massospondylus|
Three Sisters (Oregon)|
Superliner (railcar)|
Shimer College|
White-necked rockfowl|
Craters of the Moon National Monument and Preserve|
Catherine de' Medici's building projects|
Hamilton, Ontario|
Charles I of England|
Weymouth, Dorset|
Harry Cobby|
Macfarlane Burnet|
Derek Jeter|
Blackburn Olympic F.C.|
Russian battleship Potemkin|
Scottish Parliament Building|
Fertilisation of Orchids|
Theatre Royal, Drury Lane|
Percy Grainger|
Les pêcheurs de perles|
Red-billed tropicbird|
Enrico Fermi|
War of the Fifth Coalition|
Antbird|
Gregorian mission|
Stephens City, Virginia|
Godsmack|
Iravan|
In Utero (album)|
Neil Hamilton Fairley|
Bodiam Castle|
Common raven|
Albert Bridge, London|
Lythronax|
Interstate 70 in Utah|
Echo parakeet|
2014 Japanese Grand Prix|
7 World Trade Center|
Pygmy hippopotamus|
Richard Williams (RAAF officer)|
Atmosphere of Jupiter|
United Airlines Flight 93|
1880 Greenback National Convention|
Paul Nobuo Tatsuguchi|
Greece runestones|
Octopus|
Bivalvia|
Giovanni Villani|
George H. D. Gossip|
L'incoronazione di Poppea|
Rova of Antananarivo|
The Swimming Hole|
Arthur W. Radford|
Falstaff (opera)|
USS New Jersey (BB-62)|
Kakapo|
Kennet and Avon Canal|
Dodo|
Kit (association football)|
Abdul Karim (the Munshi)|
Terry Fox|
Red-tailed black cockatoo|
1940 Brocklesby mid-air collision|
Influenza|
Lemur|
Axis naval activity in Australian waters|
Shah Rukh Khan|
Joel Brand|
E. Urner Goodman|
Diocletian|
Alanya|
Isopoda|
Richard Hakluyt|
X-10 Graphite Reactor|
Wayne Gretzky|
Mark Satin|
Female genital mutilation|
Ronnie Lee Gardner|
Roman Catholic Archdiocese of Miami|
Mary, Queen of Scots|
Ivan Bagramyan|
Emu|
Ernest Emerson|
Star Trek: The Motion Picture|
Battle of Shiloh|
Pelican|
König-class battleship|
Somerset Levels|
Stefan Lochner|
Manta ray|
If Day|
Distributed-element filter|
George Robey|
Love the Way You Lie|
AdS/CFT correspondence|
Freedom Monument|
Rudd Concession|
Albert Ball|
Andromeda (constellation)|
Caroline Island|
Flying Eagle cent|
M249 light machine gun|
Isabeau of Bavaria|
Norte Chico civilization|
2002 Atlantic hurricane season|
Rolls-Royce R|
Nelson Mandela|
Rachel Chiesley, Lady Grange|
Siberian accentor|
Kenneth Walker|
Westgate-on-Sea|
Fauna of Scotland|
Corona Australis|
Southern Cross Expedition|
Buzz Aldrin|
Postage stamps of Ireland|
RAF Northolt|
Gregor MacGregor|
Janet Jackson|
Peregrine falcon|
Henry Wrigley|
New Orleans Mint|
Carrington Moss|
Richard Gavin Reid|
U2 3D|
Pyramid of Unas|
Air raids on Japan|
Tottenham Outrage|
Majungasaurus|
R.E.M.|
Auriga (constellation)|
Dick Turpin|
Mantis|
Jin–Song Wars|
Yeomanry Cavalry|
Cirrus cloud|
Dhaka|
Pilgrim Tercentenary half dollar|
Metallurgical Laboratory|
Pyotr Ilyich Tchaikovsky|
Qatna|
Opisthocoelicaudia|
Louisiana Purchase Exposition gold dollar|
William M. Branham|
New York State Route 32|
Early life of Samuel Johnson|
Olympic Games|
George Mason|
B movie|
Polio|
The Smashing Pumpkins|
Australia women's national wheelchair basketball team at the 2012 Summer Paralympics|
Gobrecht dollar|
Liverpool F.C.|
Holkham Hall|
Mauna Loa|
Nativity (Christus)|
Murder of Joanna Yeates|
Rhodotus|
3rd Battalion, 3rd Marines|
Chad|
Pinniped|
History of Minnesota|
Stark Raving Dad|
Neferefre|
Transit of Venus|
Taiko|
King vulture|
Knights Templar|
Jesus|
Ernest Hemingway|
Burke and Hare murders|
Manila Light Rail Transit System|
Adrian Boult|
Maraba coffee|
Æthelflæd|
Ramón Emeterio Betances|
Wormshill|
Extratropical cyclone|
United States Bicentennial coinage|
Suffolk Punch|
Userkaf|
Trade dollar (United States coin)|
Battersea Bridge|
University of California, Riverside|
Battle of Rennell Island|
SMS Kurfürst Friedrich Wilhelm|
England national football team manager|
Siege of Malakand|
Glorious First of June|
Uruguayan War|
Hours of service|
Exmoor|
Chrysiridia rhipheus|
Eta Carinae|
Chew Valley|
The Stolen Earth|
Goodman Beaver|
State Route 74 (New York–Vermont)|
Manzanar|
Effects of Hurricane Isabel in North Carolina|
Green and golden bell frog|
Wood Badge|
Pavle Đurišić|
Bal des Ardents|
Hasekura Tsunenaga|
Mauna Kea|
History of US science fiction and fantasy magazines to 1950|
Secretariat (horse)|
Avery Brundage|
Newton's parakeet|
Trout Creek Mountains|
Project Y|
Adele Spitzeder|
Gray's Inn|
Maurice Richard|
Her Majesty's Theatre|
Law school of Beirut|
Harris's List of Covent Garden Ladies|
2008 Monaco Grand Prix|
St Nicholas, Blakeney|
Red-necked grebe|
Balch Creek|
Georgetown University|
Felice Beato|
Peveril Castle|
True Detective (season 1)|
1st Provisional Marine Brigade|
Agharta (album)|
Chaco Culture National Historical Park|
Space Seed|
We Can Do It!|
Preparing for a Fancy Dress Ball|
Cragside|
History of the British penny (1714–1901)|
MAX Yellow Line|
Raptor Red|
Vultee Vengeance in Australian service|
Olmec colossal heads|
Woolly mammoth|
Christopher C. Kraft Jr.|
Dromaeosauroides|
Albertosaurus|
Sviatoslav I of Kiev|
Avery Coonley School|
Santa María de Óvila|
Gangtok|
Twenty-cent piece (United States coin)|
Battle of Labuan|
Mono–Inyo Craters|
Wales national rugby union team|
Steamtown, U.S.A.|
Harry S. Truman|
Upper and Lower Table Rock|
Percheron|
Australian contribution to the Battle of Normandy|
Australian Cattle Dog|
Russulaceae|
Four Freedoms (Norman Rockwell)|
Admiralty Islands campaign|
Landing at Nadzab|
Duke University|
2008 ACC Championship Game|
Martin Brodeur|
Ion Heliade Rădulescu|
Cleopatra|
History of Baltimore City College|
Japan|
Draped Bust dollar|
Ambohimanga|
Lieutenant Governor of New Jersey|
Coronation of the British monarch|
Ironclad warship|
Superb fairywren|
Killer whale|
Joseph Priestley House|
Toronto Magnetic and Meteorological Observatory|
Hydrogen|
Mascarene grey parakeet|
Suicide of Leelah Alcorn|
Maurice Wilder-Neligan|
Qibla|
Margaret Bondfield|
The Unnatural (The X-Files)|
Alben W. Barkley|
John Bingham, 7th Earl of Lucan|
Cricket World Cup|
Lincoln cent|
Battle of Milne Bay|
Structural history of the Roman military|
Canis Major|
1981 Irish hunger strike|
Princess Louise, Duchess of Argyll|
Thomas F. Bayard|
The Raven|
Hawksbill sea turtle|
Gary Cooper|
French colonization of Texas|
Ian Fleming|
Gottlob Berger|
Manitoba|
Harold Davidson|
Operation Bernhard|
Nyuserre Ini|
Rufus Wilmot Griswold|
Pallid sturgeon|
SS Edmund Fitzgerald|
Medieval cuisine|
Wells Cathedral|
Biddenden Maids|
Vijayanagara literature in Kannada|
Coinage Act of 1873|
Flag of Germany|
Government of the Han dynasty|
Megadeth|
A Vindication of the Rights of Men|
Oregon State Capitol|
Charles-Valentin Alkan|
Apollo 15 postal covers incident|
Franklin Peale|
Michael Collins (astronaut)|
Inter-Allied Women's Conference|
Chorioactis|
Taylor Swift|
Nuthatch|
McCormick Tribune Plaza & Ice Rink|
The Man in the Moone|
Anne Hathaway|
Battle of Grand Port|
Katharine Hepburn|
Black stork|
Tulsa, Oklahoma|
Red-throated loon|
Grand Teton National Park|
Gold dollar|
Gilwell Park|
Camas pocket gopher|
Umbriel (moon)|
José Paranhos, Viscount of Rio Branco|
AHS Centaur|
Britomart Redeems Faire Amoret|
Saint Fin Barre's Cathedral|
Oregon Caves National Monument and Preserve|
Walt Disney World Railroad|
Globular cluster|
The Bartered Bride|
H.M.S. Pinafore|
Romeo and Juliet|
Elizabeth II|
Clem Hill|
Georges Bizet|
Battle of Hastings|
Emma Watson|
Premier League|
Giant anteater|
Balfour Declaration|
Psittacosaurus|
Sandringham House|
Alf Ramsey|
Bernard Hinault|
Noronha skink|
Weird Tales|
Sea mink|
W. B. Yeats|
Ashton-under-Lyne|
Pontiac's War|
John Bull (locomotive)|
Henry III of England|
Baleen whale|
Common starling|
Peasants' Revolt|
Millennium Park|
Ganoga Lake|
Polyozellus|
Dire wolf|
Banksia ilicifolia|
Hurricane Claudette (2003)|
History of Ipswich Town F.C.|
Jovan Vladimir|
Dinosaur|
No. 1 Squadron RAAF|
RKO Pictures|
The Entombment (Bouts)|
John Edward Brownlee sex scandal|
Hilda Rix Nicholas|
Tylopilus felleus|
Far Eastern Party|
Australia|
Albert Speer|
George S. Patton|
New Forest pony|
Katy Perry|
Mary: A Fiction|
Holden|
Columbian mammoth|
Serpens|
Plymouth Colony|
Emmy Noether|
Court of Chancery|
Charles Villiers Stanford|
History of biology|
Illinois (Sufjan Stevens album)|
Forest Park (Portland, Oregon)|
South China Sea raid|
Shrine of Remembrance|
Claudio Monteverdi|
Yukon Quest|
No. 1 Wing RAAF|
2011 U.S. Open Cup Final|
Migration of the Serbs (painting)|
Dan Leno|
LaRouche criminal trials|
Margaret Fuller|
Megabat|
Cousin Bette|
Clathrus ruber|
Battle of Ramillies|
Hours of Mary of Burgundy|
Walter Bache|
Achtung Baby|
Nickel (United States coin)|
Alain Prost|
Acra (fortress)|
Belgium national football team|
Casey Stengel|
Battle of Malvern Hill|
Istanbul|
John Adair|
Barack Obama|
Farthest South|
Eric A. Havelock|
Maximian|
CenturyLink Field|
Japanese battleship Hyūga|
Walden–Wallkill Rail Trail|
White stork|
Segnosaurus|
Minneapolis|
Rings of Jupiter|
Assassination of Spencer Perceval|
Hillary Clinton|
Mary Celeste|
Grasshopper|
Heathenry (new religious movement)|
Battle of Towton|
Gough Whitlam|
Hamersley, Western Australia|
St Denys' Church, Sleaford|
Mary Rose|
Major urinary proteins|
W. E. B. Du Bois|
HMS Bellerophon (1786)|
The Dark Side of the Moon|
Providence, Rhode Island|
Giganotosaurus|
Nancy Mitford|
Rodrigues parrot|
Armillaria gallica|
Il ritorno d'Ulisse in patria|
1982 British Army Gazelle friendly fire incident|
2015 Vuelta a España|
Nike-X|
Thomas Playford IV|
Philip Seymour Hoffman|
Millennium Force|
Sea otter|
Hope (painting)|
Percy Fender|
Johannes Kepler|
Franklin Knight Lane|
Sonam K Ahuja|
Sicilian Baroque|
Grunge|
John Tyler|
Little Thetford|
Milos Raonic|
Emperor penguin|
Mackinac Island|
Enid Blyton|
Typhoon Nabi|
Willamette River|
Pre-dreadnought battleship|
Jo Stafford|
Princess Alice of Battenberg|
Jeremy Thorpe|
Scotland national football team|
Somerset County Cricket Club in 2009|
Eurasian tree sparrow|
John Francis Jackson|
Battle of Cape Esperance|
Io (moon)|
The Magdalen Reading|
Zanzibar Revolution|
High Explosive Research|
Virus|
Bone Wars|
Oriel College, Oxford|
Diplodocus|
Street newspaper|
German battleship Tirpitz|
Salvia yangii|
Rambles in Germany and Italy|
Transformers (film)|
Zion National Park|
Puerto Rican amazon|
Horace Greeley|
Sale, Greater Manchester|
History of the Office of the Inspector General of the United States Army|
HMS New Zealand (1911)|
The Catlins|
Callisto (moon)|
A Song for Simeon|
USS Arizona (BB-39)|
Ford Piquette Avenue Plant|
Whaam!|
Ulm campaign|
St. Michael's Golden-Domed Monastery|
Jane Joseph|
History of Aston Villa F.C. (1961–present)|
Olympic marmot|
Bob Dylan|
Finnish Civil War|
Banff National Park|
Little Moreton Hall|
Naval Battle of Guadalcanal|
Typhoon Chataan|
Roy Dowling|
Michigan State University|
Thomas R. Marshall|
White Deer Hole Creek|
Three-cent nickel|
Tarbosaurus|
Millipede|
Parallel computing|
Franco-Mongol alliance|
Clinton Engineer Works|
Corn crake|
Birchington-on-Sea|
James A. Ryder|
Battle of Dien Bien Phu|
John McCain|
Appaloosa|
Francis Poulenc|
243 Ida|
Chinua Achebe|
Ulysses S. Grant|
Allegro (musical)|
Spiderland|
George Washington and slavery|
AI Mk. IV radar|
Stegoceras|
White-bellied sea eagle|
Covent Garden|
Battle of the Eastern Solomons|
Domitian|
New wave of British heavy metal|
Benjamin Britten|
Ahalya|
Compsognathus|
Rock Springs massacre|
Painted turtle|
Kansas Turnpike|
Frank Klepacki|
Disappearance of Natalee Holloway|
Eega|
Edmund Evans|
Naruto Uzumaki|
Brownsea Island Scout camp|
Maple syrup|
Chetro Ketl|
Dengue fever|
1896 Cedar Keys hurricane|
Fanny Imlay|
Edward Elgar|
Demosthenes|
Stanley Green|
Nikita Khrushchev|
Johnson Creek (Willamette River)|
Réunion ibis|
Second Silesian War|
Voyage of the James Caird|
Sumatran rhinoceros|
Typhoon Pongsona|
Interstate 75 in Michigan|
Caesium|
House of Plantagenet|
Wind|
Russula virescens|
13th Waffen Mountain Division of the SS Handschar (1st Croatian)|
Quagga|
Charles Atangana|
Imleria badia|
2007 Atlantic hurricane season|
Manchester|
Palladian architecture|
Heterodontosaurus|
Political integration of India|
La Peau de chagrin|
Samuel J. Randall|
Elephant|
Alleyway|
Spanish conquest of Petén|
Falkland Islands|
Yellowstone National Park|
Shakespeare authorship question|
Donner Party|
Portrait of a Lady (van der Weyden)|
Joseph B. Foraker|
League of Nations|
2007 United States Air Force nuclear weapons incident|
Panzer I|
Mourning dove|
John Sherman Cooper|
Endometrial cancer|
Roosevelt dime|
Gudovac massacre|
Trinity (nuclear test)|
USS Chesapeake (1799)|
Ganymede (moon)|
Murray Chotiner|
Frédéric Chopin|
Murasaki Shikibu|
John Treloar (museum administrator)|
Yttrium|
Franz Kafka|
Uranus|
Toraja|
The Third of May 1808|
Geology of the Lassen volcanic area|
Hockey Hall of Fame|
Battle of Edson's Ridge|
Megalodon|
Yao Ming|
SR West Country and Battle of Britain classes|
Léal Souvenir|
McDonnell Douglas A-4G Skyhawk|
Spiro Agnew|
New Jersey Devils|
Morgan dollar|
Amargasaurus|
Stanley Bruce|
Stanley Cup|
Gioachino Rossini|
Osteochondritis dissecans|
Little Miss Sunshine|
Monroe Doctrine Centennial half dollar|
Ram Narayan|
Hu Zhengyan|
Rufous-crowned sparrow|
Candide|
Senghenydd colliery disaster|
Battle of Svolder|
Jefferson Davis|
Manchester City F.C.|
Boeing 757|
Slayer|
Monte Ne|
USS Wisconsin (BB-64)|
Nathaniel Parker Willis|
Parkinson's disease|
1991 Atlantic hurricane season|
Adrian Cole (RAAF officer)|
Pericles|
USS Connecticut (BB-18)|
Seattle|
Retreat of glaciers since 1850|
Congregation Beth Elohim|
Peking opera|
SS Christopher Columbus|
André Kertész|
Pat Nixon|
Third Silesian War|
Madonna in the Church|
Leslie Groves|
Cretaceous–Paleogene extinction event|
H-58 (Michigan county highway)|
The Simpsons|
The Beatles|
Archie Jackson|
Taxonomy of lemurs|
Chess|
Edward Low|
Thierry Henry|
Niobium|
Mayfly|
2004 World Series|
Solar System|
River Parrett|
Underwater diving|
FC Barcelona|
Todd Manning|
1880 Republican National Convention|
Robert Falcon Scott|
James Chadwick|
Banksia prionotes|
Ode on a Grecian Urn|
Nansen's Fram expedition|
Death Valley National Park|
Emmeline Pankhurst|
Paraceratherium|
HMS Royal Oak (08)|
Ricketts Glen State Park|
Evita (1996 film)|
Carsten Borchgrevink|
Northern pintail|
Edmontosaurus|
Buildings of Nuffield College, Oxford|
Palmyra|
Frederick III, German Emperor|
Unas|
Pierre Monteux|
2003 Atlantic hurricane season|
Timor Leste Defence Force|
Montague Druitt|
USS Nevada (BB-36)|
Archaeopteryx|
Lactarius torminosus|
British anti-invasion preparations of the Second World War|
HMAS Australia (1911)|
Cannon|
Pinguicula moranensis|
Priestley Riots|
Richard Nixon|
Aeneas Mackintosh|
Suillus spraguei|
Paleocene|
Kosmoceratops|
Battleship|
United States Military Academy|
Greek mythology|
Maniac Mansion|
Battle of the Coral Sea|
Hitler Diaries|
Olga Constantinovna of Russia|
Wallis Simpson|
Interstate 94 in Michigan|
Cameroon|
Sense and Sensibility (film)|
History of Liverpool F.C. (1959–1985)|
Geastrum quadrifidum|
1896 Summer Olympics|
Ahmose I|
Oliver Wendell Holmes Sr.|
Beringian wolf|
2002 Pacific typhoon season|
Garden warbler|
American Arts Commemorative Series medallions|
Payún Matrú|
Battle of Quebec (1775)|
The Last of Us|
Benedict Arnold's expedition to Quebec|
Titania (moon)|
Texas Revolution|
Robert Peake the Elder|
The Bat (play)|
Neferirkare Kakai|
Primate|
City of Blinding Lights|
Netley Abbey|
Lake Burley Griffin|
Buffalo nickel|
Psilocybe semilanceata|
Baseball|
John Diefenbaker|
Cyathus|
Imperial Trans-Antarctic Expedition|
SMS Scharnhorst|
John Calvin|
Amador Valley High School|
Fountain of Time|
Thích Quảng Đức|
Trait du Nord|
Shangani Patrol|
1898 United States Senate elections in Ohio|
Japanese battleship Mutsu|
Everglades National Park|
Earth|
Goodbyeee|
Saturn|
Władysław II Jagiełło|
Bert Combs|
Single Ladies (Put a Ring on It)|
Construction of Rockefeller Center|
Chagas disease|
Smooth toadfish|
Richmond Bridge, London|
Rodent|
Thistle, Utah|
Rogers Hornsby|
Japanese battleship Haruna|
Carrow Road|
George Formby|
Battle of Hochkirch|
Albatross|
United States Assay Commission|
Hedley Verity|
Colton Point State Park|
Nebular hypothesis|
Brazilian battleship São Paulo|
Bedřich Smetana|
Schizophrenia|
Stone Mountain Memorial half dollar|
Hanged, drawn and quartered|
Choral symphony|
Theodore Komnenos Doukas|
Nagorno-Karabakh War|
Temple Israel (Memphis, Tennessee)|
The Cloisters|
Tang dynasty|
Plateosaurus|
Construction of the World Trade Center|
Manhattan Project|
Gertie the Dinosaur|
2001–02 South-West Indian Ocean cyclone season|
Halkett boat|
Moon|
Nine Inch Nails|
Nigersaurus|
Barber coinage|
1911 Atlantic hurricane season|
Tom Driberg|
Metropolitan Railway|
Brockway Mountain Drive|
Jesus nahm zu sich die Zwölfe, BWV 22|
Icelandic horse|
Coprinellus micaceus|
Gamma-ray burst|
Attack on Sydney Harbour|
Brabham|
Union Station (Erie, Pennsylvania)|
2005 Texas Longhorns football team|
Kal Ho Naa Ho|
Harold Innis|
Benjamin Tillman|
Amanita phalloides|
William Shakespeare|
Economy of the Han dynasty|
Hannah Primrose, Countess of Rosebery|
Iraq War in Al Anbar Governorate|
Portrait of a Young Girl (Christus)|
Falaise Pocket|
The Battle of Alexander at Issus|
Surrender of Japan|
Portrait Diptych of Dürer's Parents|
Edward III of England|
Westminster Assembly|
Long-tailed ground roller|
German occupation of Luxembourg during World War I|
Boeing C-17 Globemaster III in Australian service|
Northern England|
Northrop YF-23|
Jupiter|
Archaea|
Tom Derrick|
O. G. S. Crawford|
Alexander Cameron Rutherford|
Ketuanan Melayu|
The Shawshank Redemption|
Richard Feynman|
Fort Ticonderoga|
Anglo-Zanzibar War|
Stephen Crane|
Final Fantasy XI|
Amazing Grace|
Nostradamus|
FIFA World Cup|
Tawny owl|
Anton Chekhov|
Marshalsea|
Canadian Indian residential school system|
Chinese classifier|
Titchwell Marsh|
Nathu La|
ANAK Society|
Wendell Willkie|
Loss of MV Darlwyne|
Tropical Storm Nicole (2010)|
Fuck (film)|
Texas A&M University|
Bharattherium|
Cattle egret|
John Churchill, 1st Duke of Marlborough|
No. 1 Flying Training School RAAF|
AirTrain JFK|
Water pipit|
Virgin and Child Enthroned (van der Weyden)|
Learned Hand|
Borobudur|
Procellariidae|
HMS Warrior (1860)|
Priyanka Chopra|
1998 Pacific hurricane season|
John Barrymore|
Panellus stipticus|
Edmund Sharpe|
Navenby|
Villa Park|
Maiden Castle, Dorset|
Roger Waters|
Battle of Bardia|
Agrippina (opera)|
Pulmonary contusion|
Albert Ketèlbey|
Malcolm X|
Harry Trott|
William IV of the United Kingdom|
Thomas Beecham|
Willie wagtail|
Maynard James Keenan|
Billy Martin|
Battle of Dürenstein|
Irritator|
Climate change|
Rochdale Cenotaph|
Elizabeth David|
Chartwell|
Carnotaurus|
Zinc|
Port Chicago disaster|
Artur Phleps|
Len Hutton|
Neville Cardus|
Gustav Mahler|
Original Stories from Real Life|
Carousel (musical)|
Jim Thorpe|
Last voyage of the Karluk|
Neptune|
Free State of Galveston|
Blue iguana|
Baltimore Steam Packet Company|
Louis Riel|
Common chiffchaff|
King Arthur|
Lead|
Elvis Presley|
Tryon Creek|
1907 Tiflis bank robbery|
Battle of Blenheim|
Benjamin Disraeli|
Moonraker (novel)|
Laura Secord|
Slow loris|
Chariot racing|
Howie Morenz|
Kate Sheppard|
Boydell Shakespeare Gallery|
Johnstown Inclined Plane|
Rwanda|
Han dynasty|
California Chrome|
First Battle of Dernancourt|
Little Butte Creek|
Thomas C. Kinkaid|
Ludwigsburg Palace|
Blockhaus d'Éperlecques|
Three Beauties of the Present Day|
Oerip Soemohardjo|
Benjamin Harrison|
Elcor, Minnesota|
Huldrych Zwingli|
Alan McNicoll|
Herschel Greer Stadium|
St James' Church, Sydney|
Nikita Zotov|
Ann Arbor, Michigan|
Wonderbra|
Waterfalls in Ricketts Glen State Park|
Sunbeam Tiger|
Blackbeard|
HMS Temeraire (1798)|
Hudson Valley Rail Trail|
Operation Catechism|
Evelyn Waugh|
History of the National Hockey League (1917–1942)|
Ernst Lindemann|
Istiodactylus|
David Bowie|
Charlie Chaplin|
Jomo Kenyatta|
Sacrifice (video game)|
Frank Pick|
Ninian Park|
Flight feather|
Presque Isle State Park|
Pennsylvania State Capitol|
Smyth Report|
Old Pine Church|
Charles Inglis (engineer)|
Mother India|
M-28 (Michigan highway)|
Vernon Sturdee|
Departures (2008 film)|
Grand Duchess Anastasia Nikolaevna of Russia|
Green Park tube station|
Rivadavia-class battleship|
Operation Tungsten|
Jim Thome|
Hungarian Revolution of 1956|
Orpheus in the Underworld|
Worlds End State Park|
Blakeney Point|
Kent, Ohio|
Mary Wollstonecraft|
Vivien Leigh|
The Sinking of the Lusitania|
Sudirman|
Louis Slotin|
South Pacific (musical)|
Hillsboro, Oregon|
Western Ganga dynasty|
Octopus card|
Chelsea F.C.|
1740 Batavia massacre|
Niels Bohr|
Redback spider|
Sloan–Parker House|
I Know Why the Caged Bird Sings|
Association football|
Hebron Church (Intermont, West Virginia)|
Ed Stelmach|
Audie Murphy|
Tom Thomson|
Military history of Australia during World War II|
Louis Lambert (novel)|
Vasa (ship)|
1984 Rajneeshee bioterror attack|
Vol. 3: (The Subliminal Verses)|
Pulaski Skyway|
Columbia Slough|
Eurasian nuthatch|
Malagasy cuisine|
John C. Calhoun|
Joseph Grimaldi|
Nothomyrmecia|
Jochen Rindt|
Amir Hamzah|
William D. Boyce|
Juwan Howard|
Battle of Osan|
Black vulture|
Nirvana (band)|
Eliza Acton|
Raccoon|
Lettuce|
James Russell Lowell|
Odaenathus|
Volubilis|
Black Hours, Morgan MS 493|
Alec Douglas-Home|
C. D. Howe|
English Benedictine Reform|
Thomas Cranmer|
Gustav Holst|
McDonnell Douglas AV-8B Harrier II|
Arthur Gould (rugby union)|
1968 Thule Air Base B-52 crash|
History of evolutionary thought|
Dave Gallaher|
Richard Wagner|
Cyclone Gonu|
Heavy metals|
Buckton Castle|
Order of Canada|
Adam Eckfeldt|
Liberty Head double eagle|
Chetco River|
Operation Cobra|
History of saffron|
Hoxne Hoard|
James K. Polk|
History of timekeeping devices|
Michigan State Trunkline Highway System|
1988 Giro d'Italia|
Smilodon|
Ruffed lemur|
Pluto|
Operation Paravane|
Alsos Mission|
Thorium|
Assassination of Robert F. Kennedy|
Charles Darwin|
Dartmouth College|
Manchester Ship Canal|
Princess Beatrice of the United Kingdom|
Cardiff City F.C.|
South Carolina-class battleship|
Alcibiades|
Isle of Portland|
Ruff (bird)|
Larrys Creek|
Literary Hall|
Darjeeling|
Hastings line|
Manuel Marques de Sousa, Count of Porto Alegre|
City and South London Railway|
Upper Pine Bottom State Park|
Shapinsay|
PNC Park|
Siege of Aiguillon|
Noisy miner|
Ontario Highway 401|
Lung cancer|
No. 77 Squadron RAAF|
Jordan River (Utah)|
Edmontosaurus mummy AMNH 5060|
Stonewall riots|
Douglas Albert Munro|
Monnow Bridge|
Matthew Boulton|
Demetrius III Eucaerus|
Royal Maundy|
Bath School disaster|
Mauritius blue pigeon|
Atlanersa|
Emperor Norton|
Bohemian waxwing|
Changeling (film)|
Charlotte Stuart, Duchess of Albany|
Kylie Minogue|
Wotton railway station (Brill Tramway)|
USS Oberrender|
Battle of the Bismarck Sea|
Speed of light|
Colorado River|
Tower of London|
Japanese aircraft carrier Hōshō|
Briarcliff Manor, New York|
Utah State Route 128|
Thopha saccata|
Jaekelopterus|
Battle of Morotai|
Hippocrates|
Ferugliotheriidae|
Honório Hermeto Carneiro Leão, Marquis of Paraná|
Irataba|
Sega|
Crucifix (Cimabue, Santa Croce)|
Viking metal|
Polish culture during World War II|
Saint-Gaudens double eagle|
Niagara Falls Suspension Bridge|
Pithole, Pennsylvania|
Fort Dobbs (North Carolina)|
Corinthian War|
George Herriman|
1950 United States Senate election in California|
Canadian National Vimy Memorial|
James Joyce|
Final Fantasy VII|
Yellowhammer|
Great North of Scotland Railway|
Bog turtle|
York City F.C.|
H II region|
Jerome, Arizona|
History of Gibraltar|
Arthur Sifton|
The Wiggles|
Order of the Thistle|
George V|
Iven Mackay|
Underground Electric Railways Company of London|
General aviation in the United Kingdom|
Bengali language movement|
Mark XIV bomb sight|
Mars|
Djedkare Isesi|
Thomas F. Mulledy|
Slate industry in Wales|
2003–04 Arsenal F.C. season|
John A. Macdonald|
Robert Hues|
U.S. Route 40 Alternate (Keysers Ridge–Cumberland, Maryland)|
Profumo affair|
Norodom Ranariddh|
Battle of Tassafaronga|
Western Chalukya architecture|
William Sterndale Bennett|
Herne Hill railway station|
Saguaro National Park|
Grim Fandango|
Norton Priory|
Alpha Kappa Alpha|
Bill Russell|
Kalki Koechlin|
